{
  "input_size": 60,
  "hidden_size": 128,
  "num_layers": 3,
  "output_size": 5,
  "seq_len": 90,
  "feature_cols": [
    "open",
    "high",
    "low",
    "close",
    "volume",
    "log_volume",
    "volume_ma_5",
    "volume_ma_20",
    "volume_ratio",
    "volume_1st_deriv",
    "volume_2nd_deriv",
    "volume_acceleration",
    "obv",
    "obv_ma",
    "obv_signal",
    "sma_5",
    "close_sma_5_ratio",
    "sma_10",
    "close_sma_10_ratio",
    "sma_20",
    "close_sma_20_ratio",
    "sma_50",
    "close_sma_50_ratio",
    "ema_9",
    "ema_21",
    "typical_price",
    "vwap",
    "vwap_distance",
    "bb_middle",
    "bb_std",
    "bb_upper",
    "bb_lower",
    "bb_position",
    "rsi",
    "rsi_ma",
    "ema_12",
    "ema_26",
    "macd",
    "macd_signal",
    "macd_histogram",
    "tr1",
    "tr2",
    "tr3",
    "true_range",
    "atr",
    "atr_percent",
    "returns",
    "volatility_5",
    "volatility_20",
    "high_low_range",
    "open_close_range",
    "roc_5",
    "roc_10",
    "roc_20",
    "hour",
    "day_of_week",
    "hour_sin",
    "hour_cos",
    "dow_sin",
    "dow_cos"
  ],
  "target_cols": [
    "delta_open",
    "delta_high",
    "delta_low",
    "delta_close",
    "delta_volume"
  ],
  "metrics_test": {
    "delta_open": {
      "MAE": 0.0003592809662222862,
      "RMSE": 0.0011187952314332316,
      "R2": -0.0007326602935791016,
      "Direction_Accuracy": 49.27079227433977
    },
    "delta_high": {
      "MAE": 0.003605625359341502,
      "RMSE": 0.005627071884108454,
      "R2": -0.016542792320251465,
      "Direction_Accuracy": 86.716594402838
    },
    "delta_low": {
      "MAE": 0.003928887192159891,
      "RMSE": 0.012393069037731028,
      "R2": -0.011584043502807617,
      "Direction_Accuracy": 88.76625936145052
    },
    "delta_close": {
      "MAE": 0.005796080455183983,
      "RMSE": 0.008903122185240815,
      "R2": -0.003043651580810547,
      "Direction_Accuracy": 51.20220733149389
    },
    "delta_volume": {
      "MAE": 3.604562520980835,
      "RMSE": 6.968541984703696,
      "R2": 0.0001290440559387207,
      "Direction_Accuracy": 14.465904611746158
    }
  },
  "timestamp": "2025-12-25T04:38:35.751415"
}