{
  "timestamp": "2025-12-23T17:36:58.015498",
  "training_completed": true,
  "total_time_minutes": 8.94,
  "epochs_completed": 25,
  "best_val_loss": 0.0004146243456354434,
  "overfitting_diagnosis": {
    "gap_train_test": 0.0029460787773132324,
    "status": "\u2705 EXCELENTE",
    "r2_train": 0.9856098294258118,
    "r2_val": 0.9257678985595703,
    "r2_test": 0.988555908203125
  },
  "final_metrics": {
    "train": {
      "high": {
        "MAE": 0.01802634820342064,
        "RMSE": 0.025775230537655087,
        "R2": 0.9860994815826416,
        "MAPE": 2.936460018157959
      },
      "low": {
        "MAE": 0.018685301765799522,
        "RMSE": 0.02546539896365462,
        "R2": 0.9859269261360168,
        "MAPE": 3.0836052894592285
      },
      "close": {
        "MAE": 0.018472937867045403,
        "RMSE": 0.025982183954213003,
        "R2": 0.9856098294258118,
        "MAPE": 3.025813579559326
      }
    },
    "val": {
      "high": {
        "MAE": 0.02361806109547615,
        "RMSE": 0.027243868162666173,
        "R2": 0.934617817401886,
        "MAPE": 2.842769145965576
      },
      "low": {
        "MAE": 0.026529323309659958,
        "RMSE": 0.029862494004553056,
        "R2": 0.9193484783172607,
        "MAPE": 3.2290573120117188
      },
      "close": {
        "MAE": 0.025133205577731133,
        "RMSE": 0.028836349072447913,
        "R2": 0.9257678985595703,
        "MAPE": 3.041834831237793
      }
    },
    "test": {
      "high": {
        "MAE": 0.00871018972247839,
        "RMSE": 0.010823158348141348,
        "R2": 0.9899716973304749,
        "MAPE": 1.7570147514343262
      },
      "low": {
        "MAE": 0.009371367283165455,
        "RMSE": 0.011445313070617831,
        "R2": 0.9885807037353516,
        "MAPE": 1.8881480693817139
      },
      "close": {
        "MAE": 0.009274235926568508,
        "RMSE": 0.011511953059157426,
        "R2": 0.988555908203125,
        "MAPE": 1.869721531867981
      }
    }
  },
  "model_config": {
    "hidden_size": 160,
    "num_layers": 3,
    "dropout": 0.35,
    "seq_len": 72,
    "total_params": 532003
  }
}