{
  "timestamp": "2025-12-24T03:41:51.131258",
  "training_completed": true,
  "total_time_minutes": 16.47,
  "epochs_completed": 38,
  "best_val_loss": 0.00018101147698298855,
  "overfitting_diagnosis": {
    "gap_train_test": 0.018695712089538574,
    "status": "\u2705 EXCELENTE",
    "r2_train": 0.9853631258010864,
    "r2_val": 0.9694780111312866,
    "r2_test": 0.9666674137115479
  },
  "final_metrics": {
    "train": {
      "high": {
        "MAE": 0.020006369799375534,
        "RMSE": 0.025958279130474316,
        "R2": 0.9858948588371277,
        "MAPE": 4.030043125152588
      },
      "low": {
        "MAE": 0.019920475780963898,
        "RMSE": 0.02548139993542731,
        "R2": 0.9859026670455933,
        "MAPE": 4.046805381774902
      },
      "close": {
        "MAE": 0.020309042185544968,
        "RMSE": 0.02619786777698753,
        "R2": 0.9853631258010864,
        "MAPE": 4.089690208435059
      }
    },
    "val": {
      "high": {
        "MAE": 0.013210867531597614,
        "RMSE": 0.016848394621189818,
        "R2": 0.974745512008667,
        "MAPE": 1.6617164611816406
      },
      "low": {
        "MAE": 0.015469634905457497,
        "RMSE": 0.02037344993107217,
        "R2": 0.9623958468437195,
        "MAPE": 1.965795636177063
      },
      "close": {
        "MAE": 0.014682706445455551,
        "RMSE": 0.01841065064204901,
        "R2": 0.9694780111312866,
        "MAPE": 1.8431947231292725
      }
    },
    "test": {
      "high": {
        "MAE": 0.016554536297917366,
        "RMSE": 0.018974041141270978,
        "R2": 0.9689134359359741,
        "MAPE": 3.6660373210906982
      },
      "low": {
        "MAE": 0.01660388894379139,
        "RMSE": 0.01937627176876353,
        "R2": 0.9670029282569885,
        "MAPE": 3.7295830249786377
      },
      "close": {
        "MAE": 0.01683848723769188,
        "RMSE": 0.01956415756908127,
        "R2": 0.9666674137115479,
        "MAPE": 3.750262498855591
      }
    }
  },
  "model_config": {
    "hidden_size": 160,
    "num_layers": 3,
    "dropout": 0.35,
    "seq_len": 72,
    "total_params": 532003
  }
}