{
  "timestamp": "2025-12-23T20:15:51.761160",
  "training_completed": true,
  "total_time_minutes": 12.49,
  "epochs_completed": 35,
  "best_val_loss": 0.00018618245761630264,
  "overfitting_diagnosis": {
    "gap_train_test": 0.00987941026687622,
    "status": "\u2705 EXCELENTE",
    "r2_train": 0.9928285479545593,
    "r2_val": 0.9768268465995789,
    "r2_test": 0.9829491376876831
  },
  "final_metrics": {
    "train": {
      "high": {
        "MAE": 0.01282829511910677,
        "RMSE": 0.017928121013713227,
        "R2": 0.9932740926742554,
        "MAPE": 2.2185354232788086
      },
      "low": {
        "MAE": 0.013473853468894958,
        "RMSE": 0.01748060870380957,
        "R2": 0.9933677911758423,
        "MAPE": 2.341464042663574
      },
      "close": {
        "MAE": 0.013442947529256344,
        "RMSE": 0.018340735979994815,
        "R2": 0.9928285479545593,
        "MAPE": 2.3154489994049072
      }
    },
    "val": {
      "high": {
        "MAE": 0.011358481831848621,
        "RMSE": 0.014684952979687086,
        "R2": 0.980944037437439,
        "MAPE": 1.453713297843933
      },
      "low": {
        "MAE": 0.013852776028215885,
        "RMSE": 0.016308202460443247,
        "R2": 0.9758725166320801,
        "MAPE": 1.7765634059906006
      },
      "close": {
        "MAE": 0.012940894812345505,
        "RMSE": 0.016086725365933002,
        "R2": 0.9768268465995789,
        "MAPE": 1.6534229516983032
      }
    },
    "test": {
      "high": {
        "MAE": 0.011398856528103352,
        "RMSE": 0.013797978322203294,
        "R2": 0.9836838841438293,
        "MAPE": 2.258090019226074
      },
      "low": {
        "MAE": 0.011609130539000034,
        "RMSE": 0.0137759963289406,
        "R2": 0.983437716960907,
        "MAPE": 2.29887056350708
      },
      "close": {
        "MAE": 0.011606446467339993,
        "RMSE": 0.01404378661216634,
        "R2": 0.9829491376876831,
        "MAPE": 2.296299457550049
      }
    }
  },
  "model_config": {
    "hidden_size": 160,
    "num_layers": 3,
    "dropout": 0.35,
    "seq_len": 72,
    "total_params": 532003
  }
}